{
  "logout": "^\\s*logout\\s*$",
  "loadGame": "^\\s*load\\s+last\\s+game\\s*$",
  "profileMenu": "^\\s*enter\\s+profile\\s+menu\\s*$",
  "showCards": "^\\s*show\\s+cards\\s*$",
  "enterGameMenu": "^\\s*start\\s+new\\s+game\\s*$",
  "enterShopMenu": "^\\s*enter\\s+shop\\s+menu\\s*$",
  "loginSecondPlayer": "^\\s*second\\s+player\\s+login\\s+((-u\\s+(?<username>\\\"[^\\\"]+\\\"|\\S+))|(\\s+-p\\s+(?<pass>\\\"[^\\\"]+\\\"|\\S+))){0,2}\\s*$",
  "showGameHistory": "^\\s*show\\s+game\\s+history\\s+sorted\\s+by\\s+(?<name>\\\"[^\\\"]+\\\"|\\S+)\\s+in\\s+(?<format>\\\"[^\\\"]+\\\"|\\S+)\\s*$"
}