[{"name":"soltan","defence":40.0,"attack":0.0,"duration":3,"damage":20.0,"price":0.0,"level":2,"upgradeCost":30.0},{"name":"rick","defence":56.0,"attack":12.0,"duration":3,"damage":22.0,"price":0.0,"level":10,"upgradeCost":102.0},{"name":"morty","defence":13.0,"attack":92.0,"duration":2,"damage":12.0,"price":0.0,"level":10,"upgradeCost":100.0},{"name":"jerry","defence":10.0,"attack":24.0,"duration":1,"damage":12.0,"price":0.0,"level":10,"upgradeCost":80.0},{"name":"tom","defence":37.0,"attack":12.0,"duration":2,"damage":12.0,"price":0.0,"level":10,"upgradeCost":70.0},{"name":"mani","defence":10.0,"attack":12.0,"duration":1,"damage":10.0,"price":0.0,"level":10,"upgradeCost":10.0},{"name":"noShit","defence":90.0,"attack":10.0,"duration":2,"damage":10.0,"price":0.0,"level":10,"upgradeCost":10.0}]