[{"username":"username","password":"password","nickname":"nickname","level":0,"gold":80.0,"email":"email","passwordRecoveryQuestion":1,"passwordRecoveryAnswer":"answer","playerCards":[],"playerSpecialCards":[{"type":"powerade","data":{"name":"powerade","level":0,"duration":10,"price":100.0}},{"type":"mole","data":{"name":"mole","level":0,"duration":5,"price":50.0}}],"score":0,"XP":0,"maxXP":0},{"username":"AA","password":"c967bb4245714e0f37df8a8739a255ec7c4181c104223eb87347f75aac30e831","nickname":"BB","level":1,"gold":80.0,"email":"AA@gmail.com","passwordRecoveryQuestion":1,"passwordRecoveryAnswer":"AAd","playerCards":[],"playerSpecialCards":[{"type":"builder","data":{"name":"builder","level":0,"duration":0,"price":100.0}},{"type":"powerade","data":{"name":"powerade","level":0,"duration":0,"price":100.0}},{"type":"builder","data":{"name":"builder","level":0,"duration":0,"price":100.0}},{"type":"oppsCardDefuser","data":{"name":"oppsCardDefuser","level":0,"duration":0,"price":110.0}}],"score":0,"XP":0,"maxXP":0},{"username":"KK","password":"09e90054505ce8be16589736e85c822a86e2345a825960adb00f8670945e63f3","nickname":"Kirr","level":1,"gold":80.0,"email":"KK@gamil.com","passwordRecoveryQuestion":1,"passwordRecoveryAnswer":"ss","playerCards":[{"name":"rick","defence":10.0,"attack":90.0,"duration":2,"damage":30.0,"price":0.0,"level":13,"upgradeCost":20.0},{"name":"amin","defence":20.0,"attack":0.0,"duration":3,"damage":20.0,"price":0.0,"level":2,"upgradeCost":30.0},{"name":"mobina","defence":10.0,"attack":90.0,"duration":2,"damage":30.0,"price":0.0,"level":12,"upgradeCost":30.0},{"name":"mobina","defence":10.0,"attack":90.0,"duration":2,"damage":30.0,"price":0.0,"level":12,"upgradeCost":30.0},{"name":"amin","defence":20.0,"attack":0.0,"duration":3,"damage":20.0,"price":0.0,"level":2,"upgradeCost":30.0},{"name":"rick","defence":10.0,"attack":90.0,"duration":2,"damage":30.0,"price":0.0,"level":13,"upgradeCost":20.0},{"name":"amin","defence":20.0,"attack":0.0,"duration":3,"damage":20.0,"price":0.0,"level":2,"upgradeCost":30.0},{"name":"mobina","defence":10.0,"attack":90.0,"duration":2,"damage":30.0,"price":0.0,"level":12,"upgradeCost":30.0},{"name":"amin","defence":20.0,"attack":0.0,"duration":3,"damage":20.0,"price":0.0,"level":2,"upgradeCost":30.0},{"name":"mobina","defence":10.0,"attack":90.0,"duration":2,"damage":30.0,"price":0.0,"level":12,"upgradeCost":30.0},{"name":"rick","defence":10.0,"attack":90.0,"duration":2,"damage":30.0,"price":0.0,"level":13,"upgradeCost":20.0},{"name":"rick","defence":10.0,"attack":90.0,"duration":2,"damage":30.0,"price":0.0,"level":13,"upgradeCost":20.0},{"name":"mobina","defence":10.0,"attack":90.0,"duration":2,"damage":30.0,"price":0.0,"level":12,"upgradeCost":30.0},{"name":"amin","defence":20.0,"attack":0.0,"duration":3,"damage":20.0,"price":0.0,"level":2,"upgradeCost":30.0}],"playerSpecialCards":[{"type":"roundDefuser","data":{"name":"roundDefuser","level":0,"duration":0,"price":100.0}},{"type":"mehradHidden","data":{"name":"mehrad Hidden","level":0,"duration":0,"price":0.0}},{"type":"cardSnatcher","data":{"name":"cardSnatcher","level":0,"duration":0,"price":120.0}},{"type":"oppsCardDefuser","data":{"name":"oppsCardDefuser","level":0,"duration":0,"price":110.0}},{"type":"oppsCardDefuser","data":{"name":"oppsCardDefuser","level":0,"duration":0,"price":110.0}},{"type":"heal","data":{"name":"heal","level":0,"duration":0,"price":90.0}}],"score":0,"XP":0,"maxXP":0},{"username":"Amin","password":"5d81ac3d383201dd4196ec24b37dee84af265760322f583380b7d4b50c161ce8","nickname":"amin","level":1,"gold":80.0,"email":"amin6gh@gmail.com","passwordRecoveryQuestion":1,"passwordRecoveryAnswer":"r","playerCards":[{"name":"soltan","defence":40.0,"attack":0.0,"duration":3,"damage":20.0,"price":0.0,"level":2,"upgradeCost":30.0},{"name":"soltan","defence":40.0,"attack":0.0,"duration":3,"damage":20.0,"price":0.0,"level":2,"upgradeCost":30.0},{"name":"soltan","defence":40.0,"attack":0.0,"duration":3,"damage":20.0,"price":0.0,"level":2,"upgradeCost":30.0},{"name":"soltan","defence":40.0,"attack":0.0,"duration":3,"damage":20.0,"price":0.0,"level":2,"upgradeCost":30.0},{"name":"soltan","defence":40.0,"attack":0.0,"duration":3,"damage":20.0,"price":0.0,"level":2,"upgradeCost":30.0},{"name":"soltan","defence":40.0,"attack":0.0,"duration":3,"damage":20.0,"price":0.0,"level":2,"upgradeCost":30.0},{"name":"soltan","defence":40.0,"attack":0.0,"duration":3,"damage":20.0,"price":0.0,"level":2,"upgradeCost":30.0},{"name":"soltan","defence":40.0,"attack":0.0,"duration":3,"damage":20.0,"price":0.0,"level":2,"upgradeCost":30.0},{"name":"soltan","defence":40.0,"attack":0.0,"duration":3,"damage":20.0,"price":0.0,"level":2,"upgradeCost":30.0},{"name":"soltan","defence":40.0,"attack":0.0,"duration":3,"damage":20.0,"price":0.0,"level":2,"upgradeCost":30.0},{"name":"soltan","defence":40.0,"attack":0.0,"duration":3,"damage":20.0,"price":0.0,"level":2,"upgradeCost":30.0},{"name":"soltan","defence":40.0,"attack":0.0,"duration":3,"damage":20.0,"price":0.0,"level":2,"upgradeCost":30.0},{"name":"soltan","defence":40.0,"attack":0.0,"duration":3,"damage":20.0,"price":0.0,"level":2,"upgradeCost":30.0},{"name":"soltan","defence":40.0,"attack":0.0,"duration":3,"damage":20.0,"price":0.0,"level":2,"upgradeCost":30.0},{"name":"soltan","defence":40.0,"attack":0.0,"duration":3,"damage":20.0,"price":0.0,"level":2,"upgradeCost":30.0},{"name":"soltan","defence":40.0,"attack":0.0,"duration":3,"damage":20.0,"price":0.0,"level":2,"upgradeCost":30.0},{"name":"soltan","defence":40.0,"attack":0.0,"duration":3,"damage":20.0,"price":0.0,"level":2,"upgradeCost":30.0}],"playerSpecialCards":[{"type":"heal","data":{"name":"heal","level":1,"duration":1,"price":90.0}},{"type":"mole","data":{"name":"mole","level":1,"duration":1,"price":50.0}},{"type":"builder","data":{"name":"builder","level":1,"duration":0,"price":100.0}}],"score":0,"XP":0,"maxXP":0},{"username":"mamad","password":"89b9901fad115a057cab81dc2ba5c0da01c53808a416dbf40c9f4573684998dd","nickname":"mmd","level":1,"gold":100.0,"email":"mamad@gmail.com","passwordRecoveryQuestion":1,"passwordRecoveryAnswer":"r","playerCards":[{"name":"soltan","defence":40.0,"attack":0.0,"duration":3,"damage":20.0,"price":0.0,"level":2,"upgradeCost":72.0},{"name":"soltan","defence":40.0,"attack":0.0,"duration":3,"damage":20.0,"price":0.0,"level":2,"upgradeCost":172.79999999999998},{"name":"soltan","defence":40.0,"attack":0.0,"duration":3,"damage":20.0,"price":0.0,"level":2,"upgradeCost":414.71999999999997},{"name":"soltan","defence":40.0,"attack":0.0,"duration":3,"damage":20.0,"price":0.0,"level":2,"upgradeCost":995.3279999999999},{"name":"soltan","defence":40.0,"attack":0.0,"duration":3,"damage":20.0,"price":0.0,"level":2,"upgradeCost":2388.7871999999998},{"name":"soltan","defence":40.0,"attack":0.0,"duration":3,"damage":20.0,"price":0.0,"level":2,"upgradeCost":5733.089279999999},{"name":"soltan","defence":40.0,"attack":0.0,"duration":3,"damage":20.0,"price":0.0,"level":2,"upgradeCost":13759.414271999998},{"name":"soltan","defence":40.0,"attack":0.0,"duration":3,"damage":20.0,"price":0.0,"level":2,"upgradeCost":33022.594252799994},{"name":"soltan","defence":40.0,"attack":0.0,"duration":3,"damage":20.0,"price":0.0,"level":2,"upgradeCost":79254.22620671998},{"name":"soltan","defence":40.0,"attack":0.0,"duration":3,"damage":20.0,"price":0.0,"level":2,"upgradeCost":190210.14289612795},{"name":"soltan","defence":40.0,"attack":0.0,"duration":3,"damage":20.0,"price":0.0,"level":2,"upgradeCost":456504.34295070707},{"name":"soltan","defence":40.0,"attack":0.0,"duration":3,"damage":20.0,"price":0.0,"level":2,"upgradeCost":1095610.423081697},{"name":"soltan","defence":40.0,"attack":0.0,"duration":3,"damage":20.0,"price":0.0,"level":2,"upgradeCost":2629465.0153960725},{"name":"soltan","defence":40.0,"attack":0.0,"duration":3,"damage":20.0,"price":0.0,"level":2,"upgradeCost":6310716.036950574},{"name":"soltan","defence":40.0,"attack":0.0,"duration":3,"damage":20.0,"price":0.0,"level":2,"upgradeCost":1.5145718488681378E7}],"playerSpecialCards":[{"type":"shield","data":{"name":"shield","level":1,"duration":1,"price":50.0}},{"type":"shield","data":{"name":"shield","level":1,"duration":1,"price":50.0}},{"type":"oppsCardDefuser","data":{"name":"oppsCardDefuser","level":1,"duration":0,"price":110.0}},{"type":"mole","data":{"name":"mole","level":1,"duration":1,"price":50.0}},{"type":"shield","data":{"name":"shield","level":1,"duration":1,"price":50.0}}],"score":0,"XP":0,"maxXP":0},{"username":"fuckFace","password":"33678cb4f3cc527418eb36333d9ec2b4f12cfd71907325d9a5efad0a7bb3fe2d","nickname":"fuckFace","level":1,"gold":1000.0,"email":"fuckFace@gmail.com","passwordRecoveryQuestion":1,"passwordRecoveryAnswer":"r","playerCards":[{"name":"soltan","defence":40.0,"attack":0.0,"duration":3,"damage":20.0,"price":0.0,"level":2,"upgradeCost":72.0},{"name":"soltan","defence":40.0,"attack":0.0,"duration":3,"damage":20.0,"price":0.0,"level":2,"upgradeCost":172.79999999999998},{"name":"soltan","defence":40.0,"attack":0.0,"duration":3,"damage":20.0,"price":0.0,"level":2,"upgradeCost":414.71999999999997},{"name":"soltan","defence":40.0,"attack":0.0,"duration":3,"damage":20.0,"price":0.0,"level":2,"upgradeCost":995.3279999999999},{"name":"soltan","defence":40.0,"attack":0.0,"duration":3,"damage":20.0,"price":0.0,"level":2,"upgradeCost":2388.7871999999998},{"name":"soltan","defence":40.0,"attack":0.0,"duration":3,"damage":20.0,"price":0.0,"level":2,"upgradeCost":5733.089279999999},{"name":"soltan","defence":40.0,"attack":0.0,"duration":3,"damage":20.0,"price":0.0,"level":2,"upgradeCost":13759.414271999998},{"name":"soltan","defence":40.0,"attack":0.0,"duration":3,"damage":20.0,"price":0.0,"level":2,"upgradeCost":33022.594252799994},{"name":"soltan","defence":40.0,"attack":0.0,"duration":3,"damage":20.0,"price":0.0,"level":2,"upgradeCost":79254.22620671998},{"name":"soltan","defence":40.0,"attack":0.0,"duration":3,"damage":20.0,"price":0.0,"level":2,"upgradeCost":190210.14289612795},{"name":"soltan","defence":40.0,"attack":0.0,"duration":3,"damage":20.0,"price":0.0,"level":2,"upgradeCost":456504.34295070707},{"name":"soltan","defence":40.0,"attack":0.0,"duration":3,"damage":20.0,"price":0.0,"level":2,"upgradeCost":1095610.423081697},{"name":"soltan","defence":40.0,"attack":0.0,"duration":3,"damage":20.0,"price":0.0,"level":2,"upgradeCost":2629465.0153960725},{"name":"soltan","defence":40.0,"attack":0.0,"duration":3,"damage":20.0,"price":0.0,"level":2,"upgradeCost":6310716.036950574}],"playerSpecialCards":[{"type":"mehradHidden","data":{"name":"mehrad Hidden","level":1,"duration":4,"price":42.0}},{"type":"cardSnatcher","data":{"name":"cardSnatcher","level":1,"duration":0,"price":120.0}},{"type":"cardSnatcher","data":{"name":"cardSnatcher","level":1,"duration":0,"price":120.0}},{"type":"builder","data":{"name":"builder","level":1,"duration":0,"price":100.0}},{"type":"oppsCardDefuser","data":{"name":"oppsCardDefuser","level":1,"duration":0,"price":110.0}},{"type":"roundDefuser","data":{"name":"roundDefuser","level":1,"duration":0,"price":100.0}}],"score":0,"XP":0,"maxXP":0},{"username":"mofo","password":"b6566e32ca28aef34ecbc87470d1cc0e06aad34eceef0cbf3e1631eec67ba54e","nickname":"mofo","level":1,"gold":62.5,"email":"mofo@gmail.com","passwordRecoveryQuestion":1,"passwordRecoveryAnswer":"r","playerCards":[{"name":"soltan","defence":40.0,"attack":0.0,"duration":3,"damage":20.0,"price":0.0,"level":2,"upgradeCost":1.5145718488681378E7},{"name":"soltan","defence":40.0,"attack":0.0,"duration":3,"damage":20.0,"price":0.0,"level":2,"upgradeCost":3.634972437283531E7},{"name":"soltan","defence":40.0,"attack":0.0,"duration":3,"damage":20.0,"price":0.0,"level":2,"upgradeCost":8.723933849480474E7},{"name":"soltan","defence":40.0,"attack":0.0,"duration":3,"damage":20.0,"price":0.0,"level":2,"upgradeCost":2.0937441238753137E8},{"name":"soltan","defence":40.0,"attack":0.0,"duration":3,"damage":20.0,"price":0.0,"level":2,"upgradeCost":5.0249858973007524E8},{"name":"soltan","defence":40.0,"attack":0.0,"duration":3,"damage":20.0,"price":0.0,"level":2,"upgradeCost":1.2059966153521805E9},{"name":"soltan","defence":40.0,"attack":0.0,"duration":3,"damage":20.0,"price":0.0,"level":2,"upgradeCost":2.894391876845233E9},{"name":"soltan","defence":40.0,"attack":0.0,"duration":3,"damage":20.0,"price":0.0,"level":2,"upgradeCost":6.946540504428559E9},{"name":"soltan","defence":40.0,"attack":0.0,"duration":3,"damage":20.0,"price":0.0,"level":2,"upgradeCost":1.6671697210628542E10},{"name":"soltan","defence":40.0,"attack":0.0,"duration":3,"damage":20.0,"price":0.0,"level":2,"upgradeCost":4.00120733055085E10},{"name":"soltan","defence":40.0,"attack":0.0,"duration":3,"damage":20.0,"price":0.0,"level":2,"upgradeCost":9.60289759332204E10},{"name":"jerry","defence":10.0,"attack":24.0,"duration":1,"damage":12.0,"price":169.5,"level":10,"upgradeCost":960.0},{"name":"morty","defence":13.0,"attack":92.0,"duration":2,"damage":12.0,"price":524.0,"level":10,"upgradeCost":1200.0},{"name":"tom","defence":37.0,"attack":12.0,"duration":2,"damage":12.0,"price":244.0,"level":10,"upgradeCost":840.0}],"playerSpecialCards":[{"type":"oppsCardDefuser","data":{"name":"oppsCardDefuser","level":1,"duration":0,"price":110.0}},{"type":"mole","data":{"name":"mole","level":1,"duration":1,"price":50.0}},{"type":"shield","data":{"name":"shield","level":1,"duration":1,"price":50.0}},{"type":"roundDefuser","data":{"name":"roundDefuser","level":1,"duration":0,"price":100.0}},{"type":"cardSnatcher","data":{"name":"cardSnatcher","level":1,"duration":0,"price":120.0}},{"type":"mehradHidden","data":{"name":"mehrad Hidden","level":1,"duration":4,"price":42.0}},{"type":"builder","data":{"name":"builder","level":1,"duration":0,"price":100.0}},{"type":"cardSnatcher","data":{"name":"cardSnatcher","level":1,"duration":0,"price":120.0}},{"type":"oppsCardDefuser","data":{"name":"oppsCardDefuser","level":1,"duration":0,"price":110.0}}],"score":0,"XP":0,"maxXP":0},{"username":"iman","password":"6aa6453c22b9f42021e0354bcd118cf4f2bb287a779c44cb11a34cb3741ee827","nickname":"Iman","level":0,"gold":20.0,"email":"Iman@gmail.com","passwordRecoveryQuestion":1,"passwordRecoveryAnswer":"r","playerCards":[],"playerSpecialCards":[],"score":0,"XP":0,"maxXP":0},{"username":"mia","password":"ef8dde427eea2221d0944d3840d0f9ac7f90afc317f9cb5a5bc7a1409adc5195","nickname":"miaPlays","level":1,"gold":33.0,"email":"mia@gmail.com","passwordRecoveryQuestion":1,"passwordRecoveryAnswer":"r","playerCards":[{"name":"noShit","defence":90.0,"attack":10.0,"duration":2,"damage":10.0,"price":499.0,"level":10,"upgradeCost":1440.0},{"name":"jerry","defence":10.0,"attack":24.0,"duration":1,"damage":12.0,"price":0.0,"level":10,"upgradeCost":960.0},{"name":"tom","defence":37.0,"attack":12.0,"duration":2,"damage":12.0,"price":244.0,"level":10,"upgradeCost":10080.0},{"name":"tom","defence":37.0,"attack":12.0,"duration":2,"damage":12.0,"price":0.0,"level":10,"upgradeCost":10080.0},{"name":"tom","defence":37.0,"attack":12.0,"duration":2,"damage":12.0,"price":0.0,"level":10,"upgradeCost":120960.0},{"name":"tom","defence":37.0,"attack":12.0,"duration":2,"damage":12.0,"price":244.0,"level":10,"upgradeCost":1.741824E7},{"name":"mani","defence":10.0,"attack":12.0,"duration":1,"damage":10.0,"price":109.5,"level":10,"upgradeCost":1440.0},{"name":"morty","defence":13.0,"attack":92.0,"duration":2,"damage":12.0,"price":0.0,"level":10,"upgradeCost":1200.0},{"name":"rick","defence":56.0,"attack":12.0,"duration":3,"damage":22.0,"price":338.5,"level":10,"upgradeCost":14688.0},{"name":"morty","defence":13.0,"attack":92.0,"duration":2,"damage":12.0,"price":0.0,"level":10,"upgradeCost":14400.0},{"name":"tom","defence":37.0,"attack":12.0,"duration":2,"damage":12.0,"price":244.0,"level":10,"upgradeCost":2.0901888E8},{"name":"noShit","defence":90.0,"attack":10.0,"duration":2,"damage":10.0,"price":499.0,"level":10,"upgradeCost":17280.0},{"name":"mani","defence":10.0,"attack":12.0,"duration":1,"damage":10.0,"price":0.0,"level":10,"upgradeCost":1440.0},{"name":"rick","defence":56.0,"attack":12.0,"duration":3,"damage":22.0,"price":0.0,"level":10,"upgradeCost":14688.0}],"playerSpecialCards":[{"type":"heal","data":{"name":"heal","level":1,"duration":1,"price":90.0}},{"type":"heal","data":{"name":"heal","level":1,"duration":1,"price":90.0}},{"type":"builder","data":{"name":"builder","level":1,"duration":0,"price":100.0}},{"type":"shield","data":{"name":"shield","level":1,"duration":1,"price":50.0}},{"type":"copyCat","data":{"name":"copyCat","level":1,"duration":0,"price":130.0}},{"type":"cardSnatcher","data":{"name":"cardSnatcher","level":1,"duration":0,"price":120.0}}],"gameHistory":[{"opponentName":"kir","gameState":"Won","opponentLevel":1,"gameDate":"Jul 5, 2024, 6:59:38 PM"}],"score":0,"XP":1,"maxXP":120},{"username":"koorosh","password":"b5e5c3dd371167682f22f622e0a01e8490c185e568133f0b1310daec1d860fd5","nickname":"kooroshzz","level":1,"gold":20.0,"email":"kooroshzz@gmail.com","passwordRecoveryQuestion":1,"passwordRecoveryAnswer":"r","playerCards":[{"name":"tom","defence":37.0,"attack":12.0,"duration":2,"damage":12.0,"price":0.0,"level":10,"upgradeCost":840.0},{"name":"jerry","defence":10.0,"attack":24.0,"duration":1,"damage":12.0,"price":169.5,"level":10,"upgradeCost":11520.0},{"name":"mani","defence":10.0,"attack":12.0,"duration":1,"damage":10.0,"price":0.0,"level":10,"upgradeCost":120.0},{"name":"mani","defence":10.0,"attack":12.0,"duration":1,"damage":10.0,"price":0.0,"level":10,"upgradeCost":1440.0},{"name":"tom","defence":37.0,"attack":12.0,"duration":2,"damage":12.0,"price":0.0,"level":10,"upgradeCost":10080.0},{"name":"morty","defence":13.0,"attack":92.0,"duration":2,"damage":12.0,"price":524.0,"level":10,"upgradeCost":14400.0},{"name":"noShit","defence":90.0,"attack":10.0,"duration":2,"damage":10.0,"price":0.0,"level":10,"upgradeCost":120.0},{"name":"mani","defence":10.0,"attack":12.0,"duration":1,"damage":10.0,"price":0.0,"level":10,"upgradeCost":17280.0},{"name":"noShit","defence":90.0,"attack":10.0,"duration":2,"damage":10.0,"price":499.0,"level":10,"upgradeCost":17280.0},{"name":"soltan","defence":40.0,"attack":0.0,"duration":3,"damage":20.0,"price":0.0,"level":2,"upgradeCost":72.0},{"name":"soltan","defence":40.0,"attack":0.0,"duration":3,"damage":20.0,"price":0.0,"level":2,"upgradeCost":172.79999999999998},{"name":"rick","defence":56.0,"attack":12.0,"duration":3,"damage":22.0,"price":0.0,"level":10,"upgradeCost":1224.0},{"name":"soltan","defence":40.0,"attack":0.0,"duration":3,"damage":20.0,"price":0.0,"level":2,"upgradeCost":414.71999999999997},{"name":"morty","defence":13.0,"attack":92.0,"duration":2,"damage":12.0,"price":0.0,"level":10,"upgradeCost":1200.0},{"name":"tom","defence":37.0,"attack":12.0,"duration":2,"damage":12.0,"price":0.0,"level":10,"upgradeCost":840.0},{"name":"soltan","defence":40.0,"attack":0.0,"duration":3,"damage":20.0,"price":0.0,"level":2,"upgradeCost":995.3279999999999},{"name":"morty","defence":13.0,"attack":92.0,"duration":2,"damage":12.0,"price":0.0,"level":10,"upgradeCost":14400.0},{"name":"rick","defence":56.0,"attack":12.0,"duration":3,"damage":22.0,"price":0.0,"level":10,"upgradeCost":14688.0},{"name":"jerry","defence":10.0,"attack":24.0,"duration":1,"damage":12.0,"price":0.0,"level":10,"upgradeCost":960.0},{"name":"tom","defence":37.0,"attack":12.0,"duration":2,"damage":12.0,"price":0.0,"level":10,"upgradeCost":10080.0}],"playerSpecialCards":[{"type":"powerade","data":{"name":"powerade","level":1,"duration":0,"price":100.0}},{"type":"mehradHidden","data":{"name":"mehrad Hidden","level":1,"duration":0,"price":42.0}},{"type":"oppsCardDefuser","data":{"name":"oppsCardDefuser","level":1,"duration":0,"price":110.0}},{"type":"mehradHidden","data":{"name":"mehrad Hidden","level":1,"duration":0,"price":42.0}},{"type":"heal","data":{"name":"heal","level":1,"duration":1,"price":90.0}},{"type":"shield","data":{"name":"shield","level":1,"duration":1,"price":50.0}},{"type":"powerade","data":{"name":"powerade","level":1,"duration":0,"price":100.0}},{"type":"copyCat","data":{"name":"copyCat","level":1,"duration":0,"price":130.0}},{"type":"heal","data":{"name":"heal","level":1,"duration":1,"price":90.0}},{"type":"heal","data":{"name":"heal","level":1,"duration":1,"price":90.0}},{"type":"powerade","data":{"name":"powerade","level":1,"duration":0,"price":100.0}},{"type":"powerade","data":{"name":"powerade","level":1,"duration":0,"price":100.0}},{"type":"heal","data":{"name":"heal","level":1,"duration":1,"price":90.0}},{"type":"roundDefuser","data":{"name":"roundDefuser","level":1,"duration":0,"price":100.0}},{"type":"heal","data":{"name":"heal","level":1,"duration":1,"price":90.0}},{"type":"copyCat","data":{"name":"copyCat","level":1,"duration":0,"price":130.0}},{"type":"builder","data":{"name":"builder","level":1,"duration":0,"price":100.0}},{"type":"powerade","data":{"name":"powerade","level":1,"duration":0,"price":100.0}},{"type":"powerade","data":{"name":"powerade","level":1,"duration":0,"price":100.0}},{"type":"oppsCardDefuser","data":{"name":"oppsCardDefuser","level":1,"duration":0,"price":110.0}}],"gameHistory":[],"score":0,"XP":0,"maxXP":0},{"username":"kir","password":"dd109d06425d883775922c120edb9355de48e1ed9436f497a3c997d4c4b09b93","nickname":"kir","level":1,"gold":85.0,"email":"kir@gmail.com","passwordRecoveryQuestion":1,"passwordRecoveryAnswer":"1","playerCards":[{"name":"jerry","defence":10.0,"attack":24.0,"duration":1,"damage":12.0,"price":169.5,"level":10,"upgradeCost":11520.0},{"name":"mani","defence":10.0,"attack":12.0,"duration":1,"damage":10.0,"price":0.0,"level":10,"upgradeCost":120.0},{"name":"morty","defence":13.0,"attack":92.0,"duration":2,"damage":12.0,"price":0.0,"level":10,"upgradeCost":1200.0},{"name":"tom","defence":37.0,"attack":12.0,"duration":2,"damage":12.0,"price":0.0,"level":10,"upgradeCost":840.0},{"name":"jerry","defence":10.0,"attack":24.0,"duration":1,"damage":12.0,"price":0.0,"level":10,"upgradeCost":11520.0},{"name":"morty","defence":13.0,"attack":92.0,"duration":2,"damage":12.0,"price":0.0,"level":10,"upgradeCost":14400.0},{"name":"morty","defence":13.0,"attack":92.0,"duration":2,"damage":12.0,"price":524.0,"level":10,"upgradeCost":2073600.0},{"name":"tom","defence":37.0,"attack":12.0,"duration":2,"damage":12.0,"price":0.0,"level":10,"upgradeCost":10080.0},{"name":"rick","defence":56.0,"attack":12.0,"duration":3,"damage":22.0,"price":338.5,"level":10,"upgradeCost":14688.0},{"name":"noShit","defence":90.0,"attack":10.0,"duration":2,"damage":10.0,"price":0.0,"level":10,"upgradeCost":120.0},{"name":"rick","defence":56.0,"attack":12.0,"duration":3,"damage":22.0,"price":0.0,"level":10,"upgradeCost":14688.0},{"name":"morty","defence":13.0,"attack":92.0,"duration":2,"damage":12.0,"price":0.0,"level":10,"upgradeCost":2073600.0},{"name":"jerry","defence":10.0,"attack":24.0,"duration":1,"damage":12.0,"price":0.0,"level":10,"upgradeCost":138240.0},{"name":"jerry","defence":10.0,"attack":24.0,"duration":1,"damage":12.0,"price":169.5,"level":10,"upgradeCost":1.990656E7},{"name":"soltan","defence":40.0,"attack":0.0,"duration":3,"damage":20.0,"price":198.5,"level":2,"upgradeCost":172.79999999999998},{"name":"rick","defence":56.0,"attack":12.0,"duration":3,"damage":22.0,"price":338.5,"level":10,"upgradeCost":2115072.0},{"name":"rick","defence":56.0,"attack":12.0,"duration":3,"damage":22.0,"price":338.5,"level":10,"upgradeCost":3.04570368E8}],"playerSpecialCards":[{"type":"copyCat","data":{"name":"copyCat","level":1,"duration":0,"price":130.0}},{"type":"mole","data":{"name":"mole","level":1,"duration":1,"price":50.0}},{"type":"copyCat","data":{"name":"copyCat","level":1,"duration":0,"price":130.0}}],"gameHistory":[{"opponentName":"kir","gameState":"Won","opponentLevel":1,"gameDate":"Jul 5, 2024, 6:54:42 PM"},{"opponentName":"kir","gameState":"Lost","opponentLevel":1,"gameDate":"Jul 5, 2024, 6:54:42 PM"},{"opponentName":"mia","gameState":"Lost","opponentLevel":1,"gameDate":"Jul 5, 2024, 6:59:38 PM"}],"score":0,"XP":102,"maxXP":120}]